nome,squadra,ruolo,quotazione_iniziale_classico,quotazione_attuale_classico,fvm_classico,quotazione_iniziale_mantra,quotazione_attuale_mantra,fvm_mantra
Martinez L.,INT,a,34.0,33.0,353.0,34.0,33.0,353.0
Thuram,INT,a,29.0,31.0,355.0,29.0,31.0,355.0
Orsolini,BOL,c,30.0,30.0,217.0,29.0,29.0,217.0
Kean,FIO,a,33.0,30.0,348.0,33.0,30.0,348.0
Lukaku,NAP,a,31.0,29.0,120.0,31.0,29.0,120.0
Pulisic,MIL,c,28.0,28.0,218.0,28.0,28.0,218.0
Lookman,ATA,a,29.0,27.0,110.0,30.0,28.0,110.0
David,JUV,a,27.0,27.0,266.0,27.0,27.0,266.0
Yildiz,JUV,a,24.0,26.0,228.0,25.0,27.0,228.0
Zaccagni,LAZ,c,26.0,26.0,206.0,25.0,25.0,206.0
McTominay,NAP,c,26.0,26.0,209.0,26.0,26.0,209.0
Vlahovic,JUV,a,24.0,25.0,121.0,24.0,25.0,121.0
Dybala,ROM,a,26.0,25.0,140.0,27.0,26.0,140.0
Hojlund,NAP,a,24.0,25.0,200.0,24.0,25.0,200.0
Calhanoglu,INT,c,23.0,24.0,181.0,24.0,24.0,181.0
De Bruyne,NAP,c,23.0,24.0,152.0,22.0,23.0,152.0
De Ketelaere,ATA,a,22.0,23.0,148.0,23.0,24.0,148.0
Gudmundsson A.,FIO,c,24.0,23.0,147.0,23.0,22.0,147.0
Gimenez,MIL,a,25.0,23.0,100.0,25.0,23.0,100.0
Rabiot,MIL,c,23.0,23.0,145.0,23.0,23.0,145.0
Paz N.,COM,c,20.0,22.0,158.0,20.0,22.0,158.0
Castellanos,LAZ,a,21.0,22.0,194.0,21.0,22.0,194.0
Leao,MIL,a,24.0,22.0,199.0,24.0,22.0,199.0
Openda,JUV,a,22.0,22.0,136.0,22.0,22.0,136.0
Dumfries,INT,d,20.0,21.0,103.0,19.0,20.0,103.0
Krstovic,ATA,a,20.0,21.0,150.0,20.0,21.0,150.0
Berardi,SAS,a,21.0,21.0,146.0,21.0,21.0,146.0
Scamacca,ATA,a,19.0,20.0,113.0,19.0,20.0,113.0
Dimarco,INT,d,19.0,20.0,94.0,18.0,18.0,94.0
Dia,LAZ,a,20.0,20.0,80.0,20.0,20.0,77.0
Soulè,ROM,a,20.0,20.0,152.0,21.0,21.0,152.0
Dovbyk,ROM,a,21.0,20.0,30.0,21.0,20.0,27.0
Nkunku,MIL,a,20.0,20.0,133.0,20.0,20.0,133.0
Ndoye,BOL,c,19.0,19.0,60.0,18.0,18.0,60.0
Castro S.,BOL,a,19.0,19.0,123.0,19.0,19.0,123.0
Ferguson E.,ROM,a,19.0,19.0,161.0,19.0,19.0,161.0
Zapata D.,TOR,a,20.0,19.0,87.0,20.0,19.0,84.0
Zhegrova,JUV,c,19.0,19.0,70.0,19.0,19.0,70.0
Immobile,BOL,a,19.0,18.0,100.0,19.0,18.0,100.0
Gosens,FIO,d,18.0,18.0,72.0,17.0,17.0,72.0
Conceicao,JUV,c,18.0,18.0,71.0,17.0,17.0,71.0
Lang,NAP,a,19.0,18.0,30.0,20.0,19.0,30.0
Thuram K.,JUV,c,16.0,17.0,66.0,17.0,18.0,76.0
Zambo Anguissa,NAP,c,15.0,17.0,70.0,16.0,18.0,80.0
Morata,COM,a,18.0,17.0,71.0,18.0,17.0,68.0
Piccoli,FIO,a,17.0,16.0,73.0,17.0,16.0,70.0
Diao,COM,a,17.0,16.0,40.0,18.0,17.0,45.0
Bastoni,INT,d,16.0,16.0,75.0,16.0,16.0,75.0
Di Gregorio,JUV,p,16.0,16.0,83.0,16.0,16.0,83.0
Maignan,MIL,p,16.0,16.0,78.0,16.0,16.0,78.0
Meret,NAP,p,16.0,16.0,94.0,16.0,16.0,94.0
Politano,NAP,c,15.0,16.0,73.0,14.0,15.0,73.0
Svilar,ROM,p,15.0,16.0,85.0,15.0,16.0,85.0
Pinamonti,SAS,a,16.0,16.0,82.0,16.0,16.0,79.0
Thauvin,UDI,a,16.0,16.0,64.0,16.0,16.0,64.0
Odgaard,BOL,c,16.0,15.0,58.0,15.0,14.0,58.0
Zortea,BOL,d,16.0,15.0,36.0,15.0,14.0,26.0
Mandragora,FIO,c,14.0,15.0,30.0,14.0,15.0,35.0
Bailey,ROM,c,16.0,15.0,35.0,15.0,14.0,35.0
Orban G.,VER,a,15.0,15.0,47.0,15.0,15.0,47.0
Vardy,CRE,a,15.0,15.0,50.0,15.0,15.0,50.0
Carnesecchi,ATA,p,14.0,14.0,65.0,14.0,14.0,65.0
Ederson D.S.,ATA,c,15.0,14.0,40.0,16.0,15.0,45.0
Strefezza,COM,c,14.0,14.0,22.0,13.0,13.0,22.0
De Gea,FIO,p,14.0,14.0,62.0,14.0,14.0,62.0
Dzeko,FIO,a,15.0,14.0,39.0,15.0,14.0,36.0
Sommer,INT,p,16.0,14.0,77.0,16.0,14.0,77.0
Barella,INT,c,14.0,14.0,52.0,14.0,14.0,52.0
Bremer,JUV,d,13.0,14.0,70.0,13.0,14.0,70.0
Modric,MIL,c,12.0,14.0,52.0,12.0,14.0,52.0
Di Lorenzo,NAP,d,14.0,14.0,64.0,14.0,14.0,64.0
Lucca,NAP,a,15.0,14.0,50.0,14.0,13.0,47.0
Angelino,ROM,d,15.0,14.0,47.0,14.0,13.0,47.0
Wesley,ROM,d,14.0,14.0,48.0,13.0,13.0,48.0
Konè M.,ROM,c,14.0,14.0,41.0,15.0,15.0,46.0
Laurientè,SAS,a,15.0,14.0,44.0,15.0,14.0,44.0
Vlasic,TOR,c,15.0,14.0,42.0,14.0,13.0,39.0
Rowe,BOL,c,14.0,14.0,47.0,14.0,14.0,47.0
Bellanova,ATA,d,13.0,13.0,51.0,12.0,12.0,51.0
Kuhn,COM,a,14.0,13.0,37.0,15.0,14.0,40.0
Frattesi,INT,c,14.0,13.0,25.0,14.0,13.0,25.0
Cambiaso,JUV,d,15.0,13.0,50.0,14.0,12.0,50.0
Locatelli,JUV,c,12.0,13.0,50.0,13.0,14.0,55.0
Koopmeiners,JUV,c,14.0,13.0,31.0,14.0,13.0,31.0
Isaksen,LAZ,c,14.0,13.0,36.0,14.0,13.0,36.0
Pedro,LAZ,a,13.0,13.0,35.0,13.0,13.0,35.0
Saelemaekers,MIL,c,12.0,13.0,44.0,14.0,15.0,47.0
Buongiorno,NAP,d,13.0,13.0,42.0,13.0,13.0,42.0
Neres,NAP,c,13.0,13.0,30.0,13.0,13.0,33.0
Raspadori,NAP,a,13.0,13.0,14.0,13.0,13.0,14.0
Pellegrino M.,PAR,a,13.0,13.0,67.0,12.0,12.0,64.0
Adams C.,TOR,a,14.0,13.0,36.0,14.0,13.0,36.0
Davis K.,UDI,a,12.0,13.0,50.0,11.0,12.0,47.0
Zappacosta,ATA,d,13.0,12.0,22.0,12.0,11.0,22.0
De Roon,ATA,c,12.0,12.0,32.0,13.0,13.0,37.0
Luvumbo,CAG,a,12.0,12.0,18.0,12.0,12.0,18.0
Caqueret,COM,c,12.0,12.0,17.0,12.0,12.0,17.0
Da Cunha,COM,c,12.0,12.0,33.0,13.0,13.0,36.0
Vandeputte,CRE,c,12.0,12.0,34.0,12.0,12.0,34.0
Dodò,FIO,d,11.0,12.0,42.0,10.0,11.0,42.0
Provedel,LAZ,p,12.0,12.0,54.0,12.0,12.0,54.0
Bernabè,PAR,c,11.0,12.0,38.0,11.0,12.0,38.0
Ondrejka,PAR,c,13.0,12.0,15.0,12.0,11.0,15.0
Casadei,TOR,c,12.0,12.0,27.0,12.0,12.0,27.0
Solet,UDI,d,11.0,12.0,45.0,11.0,12.0,45.0
Jashari,MIL,c,13.0,12.0,23.0,13.0,12.0,23.0
Nzola,PIS,a,12.0,12.0,28.0,12.0,12.0,25.0
Stulic,LEC,a,13.0,12.0,31.0,13.0,12.0,31.0
Oristanio,PAR,c,12.0,12.0,38.0,12.0,12.0,38.0
Belotti,CAG,a,12.0,12.0,27.0,11.0,11.0,24.0
Pasalic,ATA,c,9.0,11.0,28.0,9.0,11.0,28.0
Samardzic,ATA,c,12.0,11.0,19.0,11.0,10.0,16.0
Skorupski,BOL,p,10.0,11.0,48.0,10.0,11.0,48.0
Freuler,BOL,c,11.0,11.0,23.0,12.0,12.0,28.0
Butez,COM,p,10.0,11.0,33.0,10.0,11.0,33.0
Vazquez,CRE,c,10.0,11.0,23.0,10.0,11.0,23.0
Fazzini,FIO,c,11.0,11.0,20.0,11.0,11.0,20.0
Gronbaek,GEN,c,12.0,11.0,24.0,12.0,11.0,24.0
Carboni V.,GEN,c,11.0,11.0,29.0,11.0,11.0,29.0
Colombo,GEN,a,12.0,11.0,34.0,11.0,10.0,31.0
Vitinha O.,GEN,a,12.0,11.0,18.0,11.0,10.0,15.0
Gonzalez N.,JUV,a,12.0,11.0,15.0,12.0,11.0,15.0
Tavares N.,LAZ,d,12.0,11.0,43.0,12.0,11.0,43.0
Guendouzi,LAZ,c,11.0,11.0,23.0,11.0,11.0,23.0
Camarda,LEC,a,12.0,11.0,22.0,12.0,11.0,19.0
Estupinan,MIL,d,11.0,11.0,40.0,11.0,11.0,40.0
Fofana Y.,MIL,c,11.0,11.0,31.0,12.0,12.0,36.0
Beukema,NAP,d,10.0,11.0,22.0,10.0,11.0,22.0
Rrahmani,NAP,d,11.0,11.0,32.0,11.0,11.0,32.0
Sohm,FIO,c,12.0,11.0,33.0,12.0,11.0,33.0
Man,PAR,c,11.0,11.0,15.0,11.0,11.0,15.0
Tramoni M.,PIS,c,12.0,11.0,37.0,12.0,11.0,37.0
Mancini,ROM,d,11.0,11.0,30.0,11.0,11.0,30.0
N'Dicka,ROM,d,10.0,11.0,26.0,10.0,11.0,26.0
Elmas,NAP,c,11.0,11.0,22.0,11.0,11.0,22.0
Zaniolo,UDI,c,11.0,11.0,26.0,10.0,10.0,24.0
Hien,ATA,d,11.0,10.0,37.0,11.0,10.0,37.0
Fabbian,BOL,c,10.0,10.0,17.0,10.0,10.0,17.0
Ferguson,BOL,c,11.0,10.0,23.0,11.0,10.0,23.0
Cambiaghi,BOL,a,11.0,10.0,25.0,11.0,10.0,25.0
Dallinga,BOL,a,10.0,10.0,13.0,10.0,10.0,10.0
Cutrone,PAR,a,10.0,10.0,24.0,10.0,10.0,21.0
Leali,GEN,p,8.0,10.0,31.0,8.0,10.0,31.0
Vasquez,GEN,d,9.0,10.0,20.0,10.0,11.0,23.0
Martin,GEN,d,10.0,10.0,32.0,10.0,10.0,32.0
Carlos Augusto,INT,d,10.0,10.0,35.0,11.0,11.0,40.0
McKennie,JUV,c,10.0,10.0,14.0,11.0,10.0,19.0
Dele-Bashiru,LAZ,c,11.0,10.0,26.0,11.0,10.0,26.0
Pierotti,LEC,c,10.0,10.0,20.0,9.0,9.0,18.0
Ricci S.,MIL,c,10.0,10.0,22.0,11.0,11.0,27.0
Loftus-Cheek,MIL,c,8.0,10.0,21.0,8.0,10.0,21.0
Olivera,NAP,d,10.0,10.0,18.0,10.0,10.0,18.0
Simeone,TOR,a,8.0,10.0,51.0,7.0,9.0,48.0
Valeri,PAR,d,10.0,10.0,27.0,10.0,10.0,27.0
Cristante,ROM,c,9.0,10.0,23.0,9.0,10.0,25.0
Pellegrini Lo.,ROM,c,11.0,10.0,20.0,11.0,10.0,20.0
Ekkelenkamp,UDI,c,10.0,10.0,21.0,10.0,10.0,21.0
Sottil,LEC,c,11.0,10.0,22.0,10.0,9.0,22.0
Stengs,PIS,c,11.0,10.0,32.0,11.0,10.0,32.0
Scalvini,ATA,d,8.0,9.0,29.0,8.0,9.0,29.0
Kossounou,ATA,d,9.0,9.0,22.0,9.0,9.0,24.0
Maldini,ATA,c,9.0,9.0,22.0,8.0,8.0,22.0
Sulemana K.,ATA,a,9.0,9.0,18.0,9.0,9.0,18.0
Caprile,CAG,p,7.0,9.0,26.0,7.0,9.0,26.0
Luperto,CAG,d,7.0,9.0,18.0,7.0,9.0,18.0
Mina,CAG,d,7.0,9.0,21.0,7.0,9.0,21.0
Folorunsho,CAG,c,9.0,9.0,29.0,9.0,9.0,29.0
Gaetano,CAG,c,8.0,9.0,17.0,7.0,8.0,14.0
Douvikas,COM,a,8.0,9.0,29.0,7.0,8.0,26.0
Collocolo,CRE,c,8.0,9.0,23.0,9.0,9.0,28.0
De Luca,CRE,a,8.0,9.0,5.0,7.0,8.0,5.0
Ranieri L.,FIO,d,7.0,9.0,16.0,7.0,9.0,17.0
Frendrup,GEN,c,9.0,9.0,21.0,10.0,10.0,24.0
Acerbi,INT,d,9.0,9.0,26.0,9.0,9.0,26.0
Zalewski,ATA,c,6.0,9.0,44.0,6.0,9.0,44.0
Sucic P.,INT,c,9.0,9.0,24.0,9.0,9.0,24.0
Mkhitaryan,INT,c,9.0,9.0,34.0,9.0,9.0,34.0
Kalulu,JUV,d,9.0,9.0,28.0,10.0,10.0,31.0
Kelly L.,JUV,d,7.0,9.0,23.0,8.0,10.0,25.0
Gila,LAZ,d,9.0,9.0,20.0,9.0,9.0,20.0
Baschirotto,CRE,d,8.0,9.0,21.0,8.0,9.0,21.0
Pavlovic,MIL,d,7.0,9.0,21.0,7.0,9.0,21.0
Lobotka,NAP,c,9.0,9.0,24.0,10.0,10.0,29.0
El Aynaoui,ROM,c,9.0,9.0,22.0,9.0,9.0,27.0
Israel,TOR,p,9.0,9.0,37.0,9.0,9.0,37.0
Coco,TOR,d,8.0,9.0,12.0,8.0,9.0,12.0
Anjorin,TOR,c,10.0,9.0,20.0,10.0,9.0,20.0
Ngonge,TOR,a,9.0,9.0,23.0,9.0,9.0,23.0
Atta,UDI,c,6.0,9.0,41.0,6.0,9.0,41.0
Lovric,UDI,c,9.0,9.0,25.0,9.0,9.0,25.0
Aboukhlal,TOR,a,9.0,9.0,15.0,9.0,9.0,15.0
Buksa,UDI,a,9.0,9.0,27.0,9.0,9.0,24.0
Nicolussi Caviglia,FIO,c,9.0,9.0,23.0,10.0,10.0,28.0
Akanji,INT,d,9.0,9.0,22.0,9.0,9.0,22.0
Djimsiti,ATA,d,8.0,8.0,15.0,8.0,8.0,15.0
Brescianini,ATA,c,8.0,8.0,18.0,8.0,8.0,18.0
Lucumì,BOL,d,8.0,8.0,21.0,8.0,8.0,21.0
Vitik,BOL,d,8.0,8.0,18.0,8.0,8.0,18.0
Miranda J.,BOL,d,9.0,8.0,17.0,9.0,8.0,17.0
Bernardeschi,BOL,c,9.0,8.0,22.0,8.0,7.0,22.0
Dominguez B.,BOL,a,9.0,8.0,17.0,9.0,8.0,20.0
Perrone,COM,c,8.0,8.0,18.0,9.0,9.0,21.0
Baturina,COM,c,9.0,8.0,19.0,8.0,7.0,16.0
Fagioli,FIO,c,8.0,8.0,21.0,8.0,8.0,21.0
De Winter,MIL,d,8.0,8.0,17.0,9.0,9.0,19.0
Messias,GEN,c,8.0,8.0,12.0,8.0,8.0,12.0
Malinovskyi,GEN,c,8.0,8.0,17.0,8.0,8.0,17.0
Stanciu,GEN,c,8.0,8.0,25.0,8.0,8.0,25.0
Bisseck,INT,d,9.0,8.0,17.0,9.0,8.0,17.0
De Vrij,INT,d,9.0,8.0,20.0,9.0,8.0,20.0
Pavard,INT,d,8.0,8.0,22.0,9.0,9.0,25.0
Gatti,JUV,d,8.0,8.0,17.0,8.0,8.0,17.0
Joao Mario,JUV,d,8.0,8.0,14.0,7.0,7.0,11.0
Marusic,LAZ,d,8.0,8.0,23.0,9.0,9.0,26.0
Rovella,LAZ,c,8.0,8.0,22.0,9.0,9.0,24.0
Gaspar K.,LEC,d,8.0,8.0,18.0,8.0,8.0,18.0
Tete Morente,LEC,c,9.0,8.0,19.0,8.0,7.0,17.0
Tomori,MIL,d,8.0,8.0,25.0,8.0,8.0,25.0
Spinazzola,NAP,d,7.0,8.0,22.0,7.0,8.0,25.0
Delprato,PAR,d,8.0,8.0,21.0,9.0,9.0,24.0
Djuric,PAR,a,9.0,8.0,14.0,8.0,7.0,11.0
El Shaarawy,ROM,c,8.0,8.0,19.0,7.0,8.0,17.0
Fadera,SAS,c,6.0,8.0,13.0,5.0,7.0,10.0
Maripan,TOR,d,7.0,8.0,20.0,7.0,8.0,20.0
Biraghi,TOR,d,8.0,8.0,23.0,8.0,8.0,23.0
Sanabria,CRE,a,7.0,8.0,35.0,6.0,7.0,32.0
Kristensen T.,UDI,d,5.0,8.0,12.0,5.0,8.0,13.0
Tchatchoua,VER,d,8.0,8.0,17.0,8.0,8.0,17.0
Suslov,VER,c,9.0,8.0,14.0,9.0,8.0,14.0
Sarr A.,VER,a,8.0,8.0,17.0,8.0,8.0,17.0
Tourè E.,ATA,a,7.0,7.0,9.0,6.0,6.0,9.0
Holm,BOL,d,8.0,7.0,14.0,8.0,7.0,14.0
Pobega,BOL,c,8.0,7.0,22.0,9.0,8.0,24.0
Felici,CAG,c,6.0,7.0,12.0,5.0,6.0,10.0
Vojvoda,COM,d,6.0,7.0,16.0,6.0,7.0,16.0
Addai,COM,a,7.0,7.0,15.0,7.0,7.0,18.0
Audero,CRE,p,5.0,7.0,20.0,5.0,7.0,20.0
Comuzzo,FIO,d,7.0,7.0,16.0,7.0,7.0,16.0
Esposito Se.,CAG,a,7.0,7.0,64.0,7.0,7.0,64.0
Esposito F.P.,INT,a,7.0,7.0,16.0,7.0,7.0,13.0
Weah,JUV,c,7.0,7.0,5.0,7.0,7.0,5.0
Romagnoli,LAZ,d,8.0,7.0,22.0,8.0,7.0,22.0
Coulibaly L.,LEC,c,7.0,7.0,14.0,8.0,8.0,16.0
Helgason,LEC,c,8.0,7.0,15.0,8.0,7.0,15.0
Gabbia,MIL,d,6.0,7.0,16.0,6.0,7.0,16.0
Musah,ATA,c,6.0,7.0,9.0,6.0,7.0,9.0
Leoni,PAR,d,7.0,7.0,13.0,7.0,7.0,13.0
Tourè I.,PIS,c,6.0,7.0,26.0,7.0,8.0,31.0
Baldanzi,ROM,c,8.0,7.0,16.0,8.0,7.0,16.0
Thorstvedt,SAS,c,8.0,7.0,22.0,8.0,7.0,22.0
Ismajli,TOR,d,8.0,7.0,14.0,8.0,7.0,14.0
Lazaro,TOR,d,7.0,7.0,19.0,7.0,7.0,19.0
Ilic,TOR,c,7.0,7.0,12.0,7.0,7.0,12.0
Kamara H.,UDI,d,7.0,7.0,19.0,7.0,7.0,19.0
Karlstrom,UDI,c,6.0,7.0,14.0,6.0,7.0,15.0
Bravo,UDI,a,6.0,7.0,25.0,6.0,7.0,25.0
Serdar,VER,c,5.0,7.0,15.0,5.0,7.0,15.0
Harroui,VER,c,7.0,7.0,14.0,7.0,7.0,14.0
Piotrowski,UDI,c,6.0,7.0,12.0,6.0,7.0,12.0
Cuadrado,PIS,d,7.0,7.0,13.0,6.0,6.0,12.0
Idzes,SAS,d,7.0,7.0,17.0,7.0,7.0,17.0
Gutierrez,NAP,d,8.0,7.0,17.0,8.0,7.0,17.0
Lorran,PIS,c,7.0,7.0,15.0,6.0,6.0,13.0
Cornet,GEN,c,7.0,7.0,16.0,7.0,7.0,13.0
Kolasinac,ATA,d,7.0,6.0,15.0,7.0,6.0,18.0
Zappa,CAG,d,6.0,6.0,13.0,7.0,7.0,16.0
Adopo,CAG,c,5.0,6.0,14.0,6.0,7.0,15.0
Deiola,CAG,c,5.0,6.0,11.0,5.0,6.0,12.0
Kempf,COM,d,5.0,6.0,15.0,5.0,6.0,15.0
Valle,COM,d,6.0,6.0,17.0,6.0,6.0,17.0
Pezzella Giu.,CRE,d,5.0,6.0,13.0,5.0,6.0,13.0
Valoti,CRE,c,7.0,6.0,3.0,7.0,6.0,3.0
Johnsen,CRE,a,7.0,6.0,9.0,7.0,6.0,9.0
Okereke,CRE,a,5.0,6.0,3.0,5.0,6.0,3.0
Marì,FIO,d,7.0,6.0,9.0,7.0,6.0,9.0
Beltran L.,FIO,a,7.0,6.0,10.0,7.0,6.0,10.0
Masini,GEN,c,5.0,6.0,14.0,5.0,6.0,17.0
Ellertsson,GEN,c,5.0,6.0,13.0,5.0,6.0,13.0
Luis Henrique,INT,c,7.0,6.0,14.0,7.0,6.0,15.0
Bonny,INT,a,5.0,6.0,37.0,5.0,6.0,34.0
Noslin,LAZ,a,7.0,6.0,9.0,7.0,6.0,9.0
Falcone,LEC,p,6.0,6.0,14.0,6.0,6.0,14.0
Ramadani,LEC,c,6.0,6.0,11.0,7.0,7.0,12.0
N'Dri,LEC,a,5.0,6.0,14.0,5.0,6.0,17.0
Gilmour,NAP,c,7.0,6.0,12.0,7.0,6.0,12.0
Suzuki,PAR,p,7.0,6.0,11.0,7.0,6.0,11.0
Circati,PAR,d,5.0,6.0,13.0,5.0,6.0,13.0
Hernani,PAR,c,7.0,6.0,18.0,7.0,6.0,18.0
Piccinini G.,PIS,c,6.0,6.0,9.0,7.0,7.0,11.0
Marin M.,PIS,c,6.0,6.0,11.0,6.0,6.0,14.0
Celik,ROM,d,7.0,6.0,13.0,8.0,7.0,16.0
Pisilli,ROM,c,7.0,6.0,15.0,7.0,6.0,15.0
Turati,SAS,p,7.0,6.0,3.0,7.0,6.0,3.0
Muharemovic,SAS,d,5.0,6.0,12.0,5.0,6.0,12.0
Doig,SAS,d,6.0,6.0,17.0,6.0,6.0,17.0
Boloca,SAS,c,6.0,6.0,12.0,6.0,6.0,15.0
Volpato,SAS,c,5.0,6.0,13.0,5.0,6.0,15.0
Bertola,UDI,d,6.0,6.0,11.0,6.0,6.0,11.0
Sanchez,UDI,a,7.0,6.0,10.0,7.0,6.0,10.0
Mosquera,VER,a,6.0,6.0,11.0,6.0,6.0,11.0
Sorensen O.,PAR,c,6.0,6.0,13.0,6.0,6.0,13.0
Frigan,PAR,a,7.0,6.0,7.0,6.0,5.0,7.0
Diouf,INT,c,7.0,6.0,16.0,7.0,6.0,16.0
Bella-Kotchap,VER,d,6.0,6.0,11.0,6.0,6.0,11.0
Moumbagna,CRE,a,6.0,6.0,12.0,6.0,6.0,12.0
Ahanor,ATA,d,6.0,5.0,5.0,7.0,6.0,8.0
Lykogiannis,BOL,d,5.0,5.0,12.0,5.0,5.0,12.0
Prati,CAG,c,3.0,5.0,11.0,3.0,5.0,16.0
Borrelli,CAG,a,5.0,5.0,12.0,4.0,4.0,10.0
Rodriguez Je.,COM,a,5.0,5.0,18.0,5.0,5.0,21.0
Floriani Mussolini,CRE,d,5.0,5.0,9.0,5.0,5.0,9.0
Zanimacchia,CRE,c,5.0,5.0,5.0,4.0,4.0,5.0
Pongracic,FIO,d,5.0,5.0,16.0,5.0,5.0,16.0
Sabelli,GEN,d,5.0,5.0,10.0,5.0,5.0,13.0
Thorsby,GEN,c,5.0,5.0,8.0,5.0,5.0,8.0
Ekuban,GEN,a,2.0,5.0,5.0,2.0,5.0,5.0
Kostic,JUV,c,4.0,5.0,7.0,5.0,5.0,8.0
Belahyane,LAZ,c,4.0,5.0,10.0,4.0,5.0,13.0
Cataldi,LAZ,c,5.0,5.0,10.0,5.0,5.0,13.0
Vecino,LAZ,c,6.0,5.0,14.0,6.0,5.0,15.0
Gallo,LEC,d,5.0,5.0,15.0,5.0,5.0,15.0
Maleh,LEC,c,6.0,5.0,6.0,7.0,6.0,8.0
Pierret,LEC,c,6.0,5.0,12.0,7.0,6.0,13.0
Jimenez A.,MIL,d,5.0,5.0,10.0,6.0,5.0,10.0
Zerbin,CRE,c,3.0,5.0,27.0,3.0,5.0,30.0
Keita M.,PAR,c,6.0,5.0,10.0,7.0,6.0,12.0
Almqvist,PAR,a,4.0,5.0,13.0,4.0,5.0,16.0
Semper,PIS,p,3.0,5.0,12.0,3.0,5.0,12.0
Caracciolo A.,PIS,d,4.0,5.0,12.0,4.0,5.0,12.0
Mateus Lusuardi,PIS,d,4.0,5.0,8.0,4.0,5.0,8.0
Angori,PIS,d,5.0,5.0,17.0,5.0,5.0,17.0
Moreo,PIS,a,5.0,5.0,13.0,5.0,5.0,13.0
Hermoso,ROM,d,3.0,5.0,15.0,3.0,5.0,15.0
Walukiewicz,SAS,d,5.0,5.0,11.0,6.0,6.0,12.0
Konè I.,SAS,c,6.0,5.0,13.0,7.0,6.0,16.0
Mulattieri,SAS,a,5.0,5.0,10.0,4.0,4.0,10.0
Okoye,UDI,p,6.0,5.0,13.0,6.0,5.0,13.0
Sava,UDI,p,4.0,5.0,10.0,4.0,5.0,10.0
Ehizibue,UDI,d,5.0,5.0,15.0,5.0,5.0,15.0
Montipò,VER,p,5.0,5.0,14.0,5.0,5.0,14.0
Unai Nunez,VER,d,5.0,5.0,11.0,5.0,5.0,11.0
Kilicsoy,CAG,a,6.0,5.0,13.0,6.0,5.0,13.0
Bradaric,VER,d,4.0,5.0,8.0,4.0,5.0,8.0
Goglichidze,UDI,d,4.0,5.0,10.0,4.0,5.0,11.0
Candè,SAS,d,6.0,5.0,12.0,6.0,5.0,13.0
Athekame,MIL,d,6.0,5.0,12.0,6.0,5.0,12.0
Heggem,BOL,d,4.0,5.0,12.0,5.0,6.0,14.0
Nelsson,VER,d,5.0,5.0,12.0,5.0,5.0,12.0
Troilo,PAR,d,6.0,5.0,12.0,6.0,5.0,12.0
Diego Carlos,COM,d,5.0,5.0,10.0,5.0,5.0,10.0
Albiol,PIS,d,5.0,5.0,10.0,5.0,5.0,10.0
Cremaschi,PAR,c,5.0,5.0,10.0,5.0,5.0,10.0
Palestra,CAG,d,3.0,4.0,8.0,2.0,3.0,7.0
Casale,BOL,d,4.0,4.0,8.0,4.0,4.0,8.0
Posch,COM,d,5.0,4.0,10.0,6.0,5.0,12.0
De Silvestri,BOL,d,4.0,4.0,10.0,4.0,4.0,10.0
Aebischer,PIS,c,4.0,4.0,14.0,4.0,4.0,14.0
Obert,CAG,d,4.0,4.0,10.0,4.0,4.0,11.0
Van Der Brempt,COM,d,4.0,4.0,7.0,4.0,4.0,7.0
Sergi Roberto,COM,c,4.0,4.0,8.0,4.0,4.0,8.0
Bianchetti,CRE,d,3.0,4.0,4.0,3.0,4.0,4.0
Grassi,CRE,c,4.0,4.0,9.0,4.0,4.0,10.0
Viti,FIO,d,4.0,4.0,9.0,4.0,4.0,9.0
Parisi,FIO,d,5.0,4.0,11.0,4.0,4.0,10.0
Norton-Cuffy,GEN,d,3.0,4.0,14.0,3.0,4.0,14.0
Asllani,TOR,c,4.0,4.0,21.0,4.0,4.0,26.0
Zielinski,INT,c,4.0,4.0,12.0,4.0,4.0,12.0
Taremi,INT,a,4.0,4.0,5.0,3.0,3.0,4.0
Cabal,JUV,d,5.0,4.0,10.0,5.0,4.0,11.0
Miretti,JUV,c,5.0,4.0,9.0,5.0,4.0,9.0
Provstgaard,LAZ,d,3.0,4.0,5.0,3.0,4.0,5.0
Cancellieri,LAZ,a,3.0,4.0,17.0,3.0,4.0,20.0
Kouassi,LEC,d,4.0,4.0,10.0,5.0,5.0,12.0
Banda,LEC,a,5.0,4.0,10.0,5.0,4.0,13.0
Thiaw,MIL,d,4.0,4.0,8.0,4.0,4.0,8.0
Terracciano F.,CRE,d,2.0,4.0,13.0,2.0,4.0,13.0
Bondo,CRE,c,3.0,4.0,18.0,3.0,4.0,23.0
Chukwueze,MIL,c,4.0,4.0,11.0,3.0,3.0,9.0
Okafor,MIL,a,4.0,4.0,5.0,4.0,4.0,5.0
Milinkovic-Savic V.,NAP,p,4.0,4.0,9.0,4.0,4.0,9.0
Valenti,PAR,d,4.0,4.0,11.0,4.0,4.0,11.0
Ordonez C.,PAR,c,5.0,4.0,12.0,6.0,5.0,15.0
Canestrelli,PIS,d,3.0,4.0,12.0,3.0,4.0,12.0
Calabresi,PIS,d,3.0,4.0,8.0,4.0,5.0,9.0
Akinsanmiro,PIS,c,3.0,4.0,13.0,3.0,4.0,13.0
Lind,PIS,a,4.0,4.0,7.0,4.0,4.0,7.0
Rensch,ROM,d,5.0,4.0,13.0,6.0,5.0,16.0
Salah-Eddine,ROM,d,4.0,4.0,7.0,3.0,3.0,7.0
Ghion,SAS,c,4.0,4.0,9.0,4.0,4.0,12.0
Lipani,SAS,c,4.0,4.0,8.0,4.0,4.0,11.0
Pierini,SAS,a,5.0,4.0,9.0,5.0,4.0,9.0
Pedersen,TOR,d,4.0,4.0,10.0,4.0,4.0,10.0
Tameze,TOR,c,5.0,4.0,11.0,5.0,4.0,14.0
Gineitis,TOR,c,5.0,4.0,11.0,5.0,4.0,11.0
Zemura,UDI,d,3.0,4.0,11.0,3.0,4.0,11.0
Payero,CRE,c,4.0,4.0,8.0,4.0,4.0,8.0
Bayo V.,UDI,a,4.0,4.0,12.0,4.0,4.0,12.0
Bernede,VER,c,4.0,4.0,10.0,4.0,4.0,10.0
Ostigard,GEN,d,5.0,4.0,13.0,5.0,4.0,13.0
Mazzitelli,CAG,c,5.0,4.0,11.0,5.0,4.0,12.0
Ramon,COM,d,4.0,4.0,12.0,4.0,4.0,12.0
Ndiaye,PAR,d,4.0,4.0,10.0,4.0,4.0,10.0
Muric,SAS,p,3.0,4.0,11.0,3.0,4.0,11.0
Adzic,JUV,c,1.0,4.0,1.0,1.0,4.0,1.0
Belghali,VER,d,4.0,4.0,12.0,4.0,4.0,12.0
Cheddira,SAS,a,4.0,4.0,8.0,4.0,4.0,8.0
Siebert,LEC,d,5.0,4.0,11.0,5.0,4.0,11.0
Vranckx,SAS,c,4.0,4.0,11.0,5.0,4.0,13.0
Matic,SAS,c,4.0,4.0,10.0,5.0,5.0,12.0
Al-Musrati,VER,c,4.0,4.0,9.0,5.0,5.0,11.0
Tsimikas,ROM,d,4.0,4.0,8.0,4.0,4.0,8.0
Lamptey,FIO,d,4.0,4.0,8.0,5.0,5.0,10.0
Faye,CRE,d,4.0,4.0,9.0,4.0,4.0,9.0
Sarmiento J.,CRE,c,4.0,4.0,8.0,4.0,4.0,8.0
Coulibaly W.,SAS,d,3.0,4.0,6.0,4.0,4.0,8.0
Zè Pedro,CAG,d,4.0,4.0,9.0,4.0,4.0,9.0
Sulemana I.,BOL,c,4.0,3.0,10.0,4.0,3.0,11.0
Erlic,BOL,d,3.0,3.0,7.0,3.0,3.0,7.0
El Azzouzi,BOL,c,3.0,3.0,7.0,3.0,3.0,7.0
Moro N.,BOL,c,3.0,3.0,7.0,3.0,3.0,7.0
Karlsson,BOL,a,3.0,3.0,7.0,3.0,3.0,7.0
Idrissi R.,CAG,d,3.0,3.0,7.0,3.0,3.0,7.0
Dossena,COM,d,4.0,3.0,5.0,4.0,3.0,5.0
Goldaniga,COM,d,4.0,3.0,6.0,4.0,3.0,6.0
Folino,CRE,d,4.0,3.0,9.0,4.0,3.0,9.0
Ceccherini,CRE,d,4.0,3.0,11.0,4.0,3.0,12.0
Azzi,CRE,d,3.0,3.0,7.0,3.0,3.0,7.0
Castagnetti,CRE,c,3.0,3.0,5.0,3.0,3.0,5.0
Bonazzoli,CRE,a,1.0,3.0,15.0,1.0,3.0,15.0
Richardson,FIO,c,4.0,3.0,8.0,4.0,3.0,9.0
Marcandalli,GEN,d,3.0,3.0,2.0,3.0,3.0,2.0
Vogliacco,GEN,d,3.0,3.0,5.0,4.0,4.0,6.0
Darmian,INT,d,4.0,3.0,14.0,5.0,4.0,16.0
Savona,JUV,d,3.0,3.0,9.0,4.0,4.0,11.0
Douglas Luiz,JUV,c,3.0,3.0,6.0,3.0,3.0,6.0
Gigot,LAZ,d,4.0,3.0,7.0,4.0,3.0,7.0
Patric,LAZ,d,4.0,3.0,7.0,4.0,3.0,8.0
Lazzari,LAZ,d,4.0,3.0,11.0,4.0,3.0,11.0
Pellegrini Lu.,LAZ,d,3.0,3.0,8.0,3.0,3.0,8.0
Berisha M.,LEC,c,3.0,3.0,11.0,3.0,3.0,11.0
Juan Jesus,NAP,d,3.0,3.0,14.0,3.0,3.0,17.0
Balogh,PAR,d,3.0,3.0,7.0,3.0,3.0,7.0
Lovik,PAR,d,2.0,3.0,11.0,2.0,3.0,11.0
Meister,PIS,a,2.0,3.0,15.0,2.0,3.0,12.0
Romagna,SAS,d,4.0,3.0,9.0,4.0,3.0,9.0
Giannetti L.,UDI,d,3.0,3.0,7.0,3.0,3.0,7.0
Zarraga,UDI,c,2.0,3.0,6.0,2.0,3.0,7.0
Brenner,UDI,a,3.0,3.0,10.0,3.0,3.0,10.0
Ghilardi,ROM,d,4.0,3.0,9.0,4.0,3.0,9.0
Valentini N.,VER,d,4.0,3.0,9.0,4.0,3.0,9.0
Ebosse,VER,d,4.0,3.0,11.0,5.0,4.0,13.0
Frese,VER,d,3.0,3.0,9.0,3.0,3.0,9.0
Niasse,VER,c,3.0,3.0,10.0,3.0,3.0,12.0
Kastanos,VER,c,4.0,3.0,10.0,4.0,3.0,10.0
Giovane,VER,a,1.0,3.0,25.0,1.0,3.0,25.0
Rocha Livramento,VER,a,3.0,3.0,8.0,2.0,2.0,6.0
Sala A.,LEC,c,3.0,3.0,8.0,3.0,3.0,8.0
Ziolkowski,ROM,d,3.0,3.0,7.0,3.0,3.0,7.0
Nkounkou,TOR,d,3.0,3.0,6.0,3.0,3.0,6.0
Gagliardini,VER,c,2.0,3.0,6.0,2.0,3.0,8.0
Bonfanti,PIS,d,2.0,2.0,5.0,2.0,2.0,5.0
Ravaglia F.,BOL,p,3.0,2.0,5.0,3.0,2.0,5.0
Smolcic I.,COM,d,2.0,2.0,5.0,2.0,2.0,6.0
Jack,COM,d,2.0,2.0,4.0,2.0,2.0,5.0
Moreno Alb.,COM,d,3.0,2.0,7.0,3.0,2.0,7.0
Engelhardt,COM,c,2.0,2.0,3.0,2.0,2.0,3.0
Ravanelli,CRE,d,2.0,2.0,3.0,2.0,2.0,3.0
Barbieri,CRE,d,3.0,2.0,8.0,4.0,3.0,9.0
Pickel,CRE,c,2.0,2.0,3.0,2.0,2.0,3.0
Fortini,FIO,d,3.0,2.0,5.0,3.0,2.0,4.0
Ndour,FIO,c,2.0,2.0,14.0,2.0,2.0,17.0
Venturino,GEN,c,3.0,2.0,9.0,3.0,2.0,9.0
Rugani,JUV,d,3.0,2.0,5.0,3.0,2.0,5.0
Mandas,LAZ,p,3.0,2.0,3.0,3.0,2.0,3.0
Hysaj,LAZ,d,3.0,2.0,6.0,3.0,2.0,6.0
Jean,LEC,d,3.0,2.0,3.0,3.0,2.0,3.0
Tiago Gabriel,LEC,d,1.0,2.0,12.0,1.0,2.0,12.0
Veiga D.,LEC,d,1.0,2.0,8.0,1.0,2.0,8.0
Kaba,LEC,c,1.0,2.0,2.0,1.0,2.0,2.0
Rafia,LEC,c,3.0,2.0,7.0,3.0,2.0,7.0
Terracciano,MIL,p,1.0,2.0,1.0,1.0,2.0,1.0
Bartesaghi,MIL,d,3.0,2.0,5.0,3.0,2.0,5.0
Marianucci,NAP,d,3.0,2.0,9.0,3.0,2.0,9.0
Zanoli,UDI,d,3.0,2.0,8.0,3.0,2.0,8.0
Mazzocchi,NAP,d,3.0,2.0,5.0,3.0,2.0,6.0
Hainaut,PAR,d,2.0,2.0,5.0,2.0,2.0,5.0
Scuffet,PIS,p,3.0,2.0,1.0,3.0,2.0,1.0
Rus,PIS,d,2.0,2.0,3.0,2.0,2.0,4.0
Vural,PIS,c,3.0,2.0,1.0,3.0,2.0,1.0
Leris,PIS,c,2.0,2.0,3.0,2.0,2.0,3.0
Kumbulla,ROM,d,2.0,2.0,5.0,2.0,2.0,5.0
Odenthal,SAS,d,3.0,2.0,8.0,3.0,2.0,8.0
Missori,SAS,d,2.0,2.0,5.0,2.0,2.0,5.0
Alvarez A.,SAS,a,2.0,2.0,4.0,1.0,1.0,3.0
Schuurs,TOR,d,3.0,2.0,5.0,3.0,2.0,5.0
Masina,TOR,d,3.0,2.0,8.0,4.0,3.0,10.0
Kabasele,UDI,d,3.0,2.0,6.0,3.0,2.0,6.0
Rui Modesto,UDI,d,3.0,2.0,6.0,2.0,1.0,4.0
Denoon,PIS,d,2.0,2.0,4.0,2.0,2.0,4.0
Miller L.,UDI,c,3.0,2.0,10.0,4.0,3.0,12.0
Cham,VER,d,1.0,2.0,4.0,1.0,2.0,4.0
Onana J.,GEN,c,2.0,2.0,4.0,2.0,2.0,4.0
Odogu,MIL,d,2.0,2.0,5.0,2.0,2.0,5.0
Akpa Akpro,VER,c,1.0,2.0,2.0,1.0,2.0,2.0
Rossi F.,ATA,p,1.0,1.0,1.0,1.0,1.0,1.0
Sportiello,ATA,p,1.0,1.0,1.0,1.0,1.0,1.0
Pessina Mas.,BOL,p,1.0,1.0,1.0,1.0,1.0,1.0
Ilic M.,BOL,d,1.0,1.0,2.0,1.0,1.0,2.0
Ciocci,CAG,p,1.0,1.0,1.0,1.0,1.0,1.0
Radunovic,CAG,p,1.0,1.0,1.0,1.0,1.0,1.0
Wieteska,CAG,d,1.0,1.0,2.0,1.0,1.0,2.0
Veroli,CAG,d,1.0,1.0,1.0,1.0,1.0,1.0
Di Pardo,CAG,d,2.0,1.0,4.0,2.0,1.0,4.0
Liteta,CAG,c,1.0,1.0,6.0,1.0,1.0,8.0
Pavoletti,CAG,a,1.0,1.0,3.0,1.0,1.0,3.0
Vigorito,COM,p,1.0,1.0,1.0,1.0,1.0,1.0
Braunoder,COM,c,1.0,1.0,1.0,1.0,1.0,1.0
Alli,COM,c,1.0,1.0,1.0,1.0,1.0,1.0
Azon,COM,a,1.0,1.0,5.0,1.0,1.0,3.0
Gabrielloni,COM,a,1.0,1.0,1.0,1.0,1.0,1.0
Nava,CRE,p,1.0,1.0,1.0,1.0,1.0,1.0
Quagliata,CRE,d,1.0,1.0,2.0,1.0,1.0,2.0
Sernicola,CRE,d,1.0,1.0,1.0,1.0,1.0,1.0
Nasti,CRE,a,1.0,1.0,3.0,1.0,1.0,2.0
Christensen O.,FIO,p,1.0,1.0,1.0,1.0,1.0,1.0
Martinelli T.,FIO,p,1.0,1.0,1.0,1.0,1.0,1.0
Bianco,FIO,c,1.0,1.0,2.0,1.0,1.0,3.0
Sabiri,FIO,c,2.0,1.0,4.0,2.0,1.0,4.0
Siegrist,GEN,p,1.0,1.0,1.0,1.0,1.0,1.0
Sommariva,GEN,p,1.0,1.0,1.0,1.0,1.0,1.0
Otoa,GEN,d,2.0,1.0,3.0,2.0,1.0,3.0
Ekhator,GEN,a,1.0,1.0,3.0,1.0,1.0,3.0
Di Gennaro,INT,p,1.0,1.0,1.0,1.0,1.0,1.0
Martinez Jo.,INT,p,2.0,1.0,3.0,2.0,1.0,3.0
Perin,JUV,p,1.0,1.0,1.0,1.0,1.0,1.0
Pinsoglio,JUV,p,1.0,1.0,1.0,1.0,1.0,1.0
Rouhi,JUV,d,1.0,1.0,4.0,1.0,1.0,4.0
Milik,JUV,a,1.0,1.0,5.0,1.0,1.0,3.0
Furlanetto,LAZ,p,1.0,1.0,1.0,1.0,1.0,1.0
Basic,LAZ,c,1.0,1.0,1.0,1.0,1.0,1.0
Fruchtl,LEC,p,1.0,1.0,1.0,1.0,1.0,1.0
Samooja,LEC,p,1.0,1.0,1.0,1.0,1.0,1.0
Perez M.,LEC,d,1.0,1.0,1.0,1.0,1.0,1.0
Ndaba,LEC,d,1.0,1.0,2.0,1.0,1.0,2.0
Marchwinski,LEC,c,1.0,1.0,2.0,1.0,1.0,2.0
Torriani,MIL,p,1.0,1.0,1.0,1.0,1.0,1.0
Liberali,MIL,c,1.0,1.0,1.0,1.0,1.0,1.0
Contini,NAP,p,1.0,1.0,1.0,1.0,1.0,1.0
Corvi,PAR,p,1.0,1.0,1.0,1.0,1.0,1.0
Rinaldi,PAR,p,1.0,1.0,1.0,1.0,1.0,1.0
Estevez,PAR,c,2.0,1.0,7.0,2.0,1.0,7.0
Benedyczak,PAR,a,1.0,1.0,13.0,1.0,1.0,13.0
Nicolas,PIS,p,1.0,1.0,1.0,1.0,1.0,1.0
Coppola F.,PIS,d,1.0,1.0,4.0,1.0,1.0,4.0
Mbambi,PIS,d,1.0,1.0,2.0,1.0,1.0,2.0
Esteves T.,PIS,d,1.0,1.0,2.0,1.0,1.0,2.0
Hojholt,PIS,c,1.0,1.0,2.0,1.0,1.0,2.0
Arena,PIS,c,1.0,1.0,1.0,1.0,1.0,1.0
Buffon L.,PIS,a,1.0,1.0,1.0,1.0,1.0,1.0
Bonfanti N.,PIS,a,1.0,1.0,2.0,1.0,1.0,2.0
Zelezny,ROM,p,1.0,1.0,1.0,1.0,1.0,1.0
Gollini,ROM,p,1.0,1.0,1.0,1.0,1.0,1.0
Abdulhamid,ROM,d,1.0,1.0,1.0,1.0,1.0,1.0
Russo A.,SAS,p,1.0,1.0,1.0,1.0,1.0,1.0
Satalino,SAS,p,1.0,1.0,1.0,1.0,1.0,1.0
Paz Y.,SAS,d,1.0,1.0,5.0,1.0,1.0,5.0
Pieragnolo,SAS,d,2.0,1.0,4.0,2.0,1.0,4.0
Iannoni,SAS,c,1.0,1.0,7.0,1.0,1.0,7.0
Moro L.,SAS,a,1.0,1.0,1.0,1.0,1.0,1.0
Skjellerup,SAS,a,1.0,1.0,1.0,1.0,1.0,1.0
Donnarumma An.,TOR,p,1.0,1.0,1.0,1.0,1.0,1.0
Paleari,TOR,p,1.0,1.0,1.0,1.0,1.0,1.0
Popa,TOR,p,1.0,1.0,1.0,1.0,1.0,1.0
Dembelè A.,TOR,d,1.0,1.0,3.0,1.0,1.0,3.0
Njie,TOR,a,1.0,1.0,1.0,1.0,1.0,1.0
Padelli,UDI,p,1.0,1.0,1.0,1.0,1.0,1.0
Palma,UDI,d,1.0,1.0,7.0,1.0,1.0,7.0
Pafundi,UDI,c,1.0,1.0,6.0,1.0,1.0,6.0
Pizarro,UDI,a,1.0,1.0,3.0,1.0,1.0,2.0
Perilli,VER,p,1.0,1.0,1.0,1.0,1.0,1.0
Slotsager,VER,d,2.0,1.0,5.0,2.0,1.0,5.0
Oyegoke,VER,d,2.0,1.0,4.0,2.0,1.0,5.0
Santiago,VER,c,2.0,1.0,2.0,2.0,1.0,2.0
Cissè A.,VER,c,1.0,1.0,1.0,1.0,1.0,1.0
Vasquez D.,ROM,p,1.0,1.0,1.0,1.0,1.0,1.0
Nunziante,UDI,p,1.0,1.0,1.0,1.0,1.0,1.0
Lezzerini,FIO,p,1.0,1.0,1.0,1.0,1.0,1.0
Silvestri,CRE,p,1.0,1.0,1.0,1.0,1.0,1.0
Godfrey,ATA,d,1.0,1.0,1.0,1.0,1.0,1.0
Rog,CAG,c,1.0,1.0,1.0,1.0,1.0,1.0
Ilkhan,TOR,c,1.0,1.0,1.0,1.0,1.0,1.0
Cuenca H.,GEN,c,1.0,1.0,1.0,1.0,1.0,1.0
Vergara,NAP,c,1.0,1.0,1.0,1.0,1.0,1.0
Toniolo,VER,p,1.0,1.0,1.0,1.0,1.0,1.0
Kouadio,FIO,d,1.0,1.0,1.0,1.0,1.0,1.0
Britschgi,PAR,d,1.0,1.0,2.0,1.0,1.0,2.0
Cavlina,COM,p,1.0,1.0,1.0,1.0,1.0,1.0
Balentien,MIL,a,1.0,1.0,1.0,1.0,1.0,1.0
Ambrosino,NAP,a,1.0,1.0,1.0,1.0,1.0,1.0
Rodriguez Ju.,CAG,d,1.0,1.0,1.0,1.0,1.0,1.0
Gueye,UDI,a,1.0,1.0,1.0,1.0,1.0,1.0
Palacios T.,INT,d,1.0,1.0,1.0,1.0,1.0,1.0
Arena A.,ROM,a,1.0,1.0,1.0,1.0,1.0,1.0
